
use teamproject1;

-- player table 생성
DROP TABLE IF EXISTS player;
CREATE TABLE player
(
	playerid		INT,
	name			VARCHAR(20),
	team			VARCHAR(10),
	playerposition	VARCHAR(10),
	PRIMARY KEY 	(playerid)
);

INSERT INTO player VALUES
(101, '류현진', '한화', '투수'),
(102, '김광현', 'SK', '투수'),
(103, '정재훈', '두산', '투수'),
(104, '윤석민', '기아', '투수'),
(105, '오승환', '삼성', '투수'),
(106, '정우람', 'SK', '투수'),
(107, '나이트', '키움', '투수'),
(108, '박희수', 'SK', '투수'),
(109, '손승락', '키움', '투수'),
(110, '찰리', 'NC', '투수'),
(111, '봉중근', 'LG', '투수'),
(112, '밴 헤켄', '키움', '투수'),
(113, '밴 덴 헐크', '삼성', '투수'),
(114, '한현희', '키움', '투수'),
(115, '양현종', '기아', '투수'),
(116, '해커', 'NC', '투수'),
(117, '조상우', '키움', '투수'),
(118, '헥터', '기아', '투수'),
(119, '니퍼트', '두산', '투수'),
(120, '임창민', 'NC', '투수'),
(121, '장원준', '두산', '투수'),
(122, '김진성', 'NC', '투수'),
(123, '안지만', '삼성', '투수'),
(124, '최충연', '삼성', '투수'),
(125, '송은범', '한화', '투수'),
(126, '윌슨', 'LG', '투수'),
(127, '함덕주', '두산', '투수'),
(128, '린드블럼', '두산', '투수'),
(129, '고우석', 'LG', '투수'),
(130, '하재훈', 'SK', '투수'),
(131, '알칸타라', '두산', '투수'),
(132, '주권', 'KT', '투수'),
(133, '스트레일리', '롯데', '투수'),
(134, '미란다', '두산', '투수'),
(135, '정우영', 'LG', '투수'),
(136, '고영표', 'KT', '투수'),
(137, '원태인', '삼성', '투수'),
(201, '이대호', '롯데', '3루수'),
(202, '조인성', 'LG', '포수'),
(203, '김현수', '두산', '좌익수'),
(204, '최형우', '삼성', '좌익수'),
(205, '이용규', 'KIA', '중견수'),
(206, '이범호', 'KIA', '3루수'),
(207, '강정호', '키움', '유격수'),
(208, '박석민', '삼성', '3루수'),
(209, '김태균', '한화', '1루수'),
(210, '최정', 'SK', '3루수'),
(211, '손아섭', '롯데', '우익수'),
(212, '박용택', 'LG', '중견수'),
(213, '서건창', '키움', '2루수'),
(214, '나바로', '삼성', '2루수'),
(215, '나성범', 'NC', '중견수'),
(216, '테임즈', 'NC', '1루수'),
(217, '유한준', '키움', '우익수'),
(218, '양의지', '두산', '포수'),
(219, '김재환', '두산', '좌익수'),
(220, '황재균', '롯데', '3루수'),
(221, '강민호', '롯데', '포수'),
(222, '박건우', '두산', '중견수'),
(223, '로사리오', '한화', '1루수'),
(224, '버나디나', '한화', '중견수'),
(225, '박병호', '키움', '1루수'),
(226, '전준우', '롯데', '좌익수'),
(227, '러프', '삼성', '1루수'),
(228, '김하성', '키움', '유격수'),
(229, '샌즈', '키움', '우익수'),
(230, '페르난데스', '두산', '1루수'),
(231, '로하스', 'KT', '우익수'),
(232, '터커', 'KIA', '우익수'),
(233, '이정후', '키움', '우익수'),
(234, '홍창기', 'LG', '중견수'),
(235, '강백호', 'KT', '1루수'),
(236, '구자욱', '삼성', '우익수');
commit;

select * from player;

-- 투수db 생성
drop table if exists pitcher;
create table pitcher
(
	playerid  INT, -- 선수 아이디
	name VARCHAR(40), -- 선수명
	team VARCHAR(20), -- 소속 팀
	playerposition VARCHAR(10), -- 포지션
	win INT, -- 승리
	save INT, -- 세이브
	hld INT, -- 홀드
	war float(4,2), -- war
	sal numeric(7,2), -- 연봉
	FOREIGN KEY(playerid) REFERENCES player(playerid)
);

select * from pitcher;

INSERT INTO pitcher values
(101,'류현진','한화','SP',16,0,0,9.20,56000),
(102,'김광현','SK','SP',17,0,0,7.12,55000),
(103,'정재훈','두산','RP',8,2,23,4.11,31000),
(104,'윤석민','기아','SP',17,1,0,6.62,54500),
(105,'오승환','삼성','CP',1,47,0,4.47,33000),
(106,'정우람','SK','RP',4,7,25,4.11,30000),
(107,'나이트','키움','SP',16,0,0,6.19,22000),
(108,'박희수','SK','RP',8,6,34,4.80,12000),
(109,'손승락','키움','CP',3,46,0,3.17,23000),
(110,'찰리','NC','SP',11,0,0,5.88,26000),
(111,'봉중근','LG','CP',8,38,0,3.17,30000),
(112,'밴 헤켄','키움','SP',20,0,0,6.92,39000),
(113,'밴 덴 헐크','삼성','SP',13,0,0,6.00,46000),
(114,'한현희','키움','RP',4,2,31,3.00,15000),
(115,'양현종','기아','SP',15,0,1,8.14,46000),
(116,'해커','NC','SP',19,0,0,5.64,36000),
(117,'조상우','키움','RP',8,5,19,3.36,9500),
(118,'헥터','기아','SP',15,0,0,6.64,46000),
(119,'니퍼트','두산','SP',22,0,0,5.97,51000),
(120,'임창민','NC','CP',1,26,6,3.25,15000),
(121,'장원준','두산','SP',14,0,0,5.40,49000),
(122,'김진성','NC','RP',10,0,15,2.56,8400),
(123,'안지만','삼성','RP',1,0,28,3.03,34000),
(124,'최충연','삼성','RP',2,0,16,3.00,5500),
(125,'송은범','한화','RP',7,0,10,2.94,12000),
(126,'윌슨','LG','SP',9,0,0,6.33,38000),
(127,'함덕주','두산','CP',6,27,3,2.96,21000),
(128,'린드블럼','두산','SP',20,0,0,6.83,39000),
(129,'고우석','LG','CP',8,35,1,4.00,12000),
(130,'하재훈','SK','CP',5,36,3,3.09,4000),
(131,'알칸타라','두산','SP',20,0,0,8.33,26000),
(132,'주권','KT','RP',6,0,31,2.59,13000),
(133,'스트레일리','롯데','SP',15,0,0,7.53,26000),
(134,'미란다','두산','SP',14,0,0,7.10,10000),
(135,'정우영','LG','RP',7,2,27,3.21,14000),
(136,'고영표','KT','SP',11,0,1,5.23,18000),
(137,'원태인','삼성','SP',14,0,0,4.76,4000);

commit;
select * from pitcher;


select * from pitcher;

-- 타자 table 생성
drop table if exists hitterdb;
create table hitterdb
(
	playerid		int,			-- id
  	name			VARCHAR(10),	-- 이름
  	team			char(3),		-- 소속팀
  	playerposition	char(2),		-- 포지션
  	battingaverage	float(4,3),		-- 타율
  	homerun			int,			-- 홈런
  	safety			int,			-- 안타
  	stolenbases		int,			-- 도루
  	war				numeric(4,2),		-- war
  	salary			numeric(7,2),	-- 연봉
	FOREIGN KEY(playerid) REFERENCES player(playerid)
);

insert into hitterdb values
(201, '이대호', '롯데', '3B', 0.364, 44, 174, 0, 8.82, 43900),
(202, '조인성', 'LG', 'C', 0.317, 28, 145, 2, 5.96, 24000),
(203, '김현수', '두산', 'LF', 0.317, 28, 150, 4, 5.24, 25200),
(204, '최형우', '삼성', 'LF', 0.340, 30, 163, 4, 7.64, 23500),
(205, '이용규', 'KIA', 'CF', 0.333, 3, 140, 30, 5.54, 12000),
(206, '이범호', 'KIA', '3B', 0.302, 17, 96, 2, 5.54, 24000),
(207, '강정호', '키움', 'SS', 0.314, 25, 137, 21, 8.23, 31800),
(208, '박석민', '삼성', '3B', 0.312, 23, 138, 2, 7.89, 31800),
(209, '김태균', '한화', '3B', 0.363, 16, 151, 3, 6.97, 45000),
(210, '최정', 'SK', '3B', 0.316, 28, 137, 24, 7.11, 45200),
(211, '손아섭', '롯데', 'RF', 0.345, 11, 172, 36, 6.04, 32100),
(212, '박용택', 'LG', 'CF', 0.328, 7, 156, 13, 4.95, 31500),
(213, '서건창', '키움', '2B', 0.370, 7, 201, 48, 7.63, 29300),
(214, '나바로', '삼성', '2B', 0.308, 31, 154, 25, 6.23, 32500),
(215, '나성범', 'NC', 'CF', 0.329, 30, 157, 14, 6.06, 31750),
(216, '테임즈', 'NC', '3B', 0.381, 47, 180, 4, 10.71, 32500),
(217, '유한준', '키움', 'RF', 0.362, 23, 188, 3, 5.87, 1150),
(218, '양의지', '두산', 'C', 0.326, 20, 144, 5, 5.65, 22000),
(219, '김재환', '두산', 'LF', 0.325, 37, 160, 8, 5.75, 13500),
(220, '황재균', '롯데', '3B', 0.335, 27, 167, 25, 5.55, 25000),
(221, '강민호', '롯데', 'C', 0.323, 20, 123, 4, 5.00, 20000),
(222, '박건우', '두산', 'CF', 0.340, 20, 177, 20, 7.00, 19500),
(223, '로사리오', '한화', '1B', 0.339, 37, 151, 10, 5.18, 10000),
(224, '버나디나', 'KIA', '3B', 0.320, 27, 178, 32, 5.12, 7500),
(225, '박병호', '키움', '1B', 0.345, 43, 138, 0, 6.62, 25000),
(226, '전준우', '롯데', 'LF', 0.342, 33, 190, 7, 5.67, 2700),
(227, '러프', '삼성', '1B', 0.305, 33, 167, 5, 5.28, 14000),
(228, '김하성', '키움', 'SS', 0.307, 19, 166, 33, 7.22, 3200),
(229, '샌즈', '키움', 'RF', 0.305, 28, 160, 1, 6.21, 5000),
(230, '페르난데스', '두산', 'DH', 0.344, 15, 197, 1, 5.15, 4000),
(231, '로하스', 'KT', 'CF', 0.321, 24, 167, 4, 5.47, 8000),
(232, '터커', 'KIA', 'RF', 0.306, 32, 166, 0, 5.76, 5500),
(233, '이정후', '키움', 'RF', 0.333, 15, 181, 12, 5.56, 21100),
(234, '홍창기', 'LG', 'CF', 0.328, 4, 172, 23, 6.98, 3800),
(235, '강백호', 'KT', '1B', 0.347, 16, 179, 10, 6.35, 2100),
(236, '구자욱', '삼성', 'RF', 0.306, 22, 166, 27, 5.00, 22800);

select * from hitterdb;

desc player;
desc pitcher;
desc hitterdb;
